/*
BEHINAN Ophélia n°21705761
BLANCO Julien n°22110499
SERVA Benjamin n°21906514
TISSERANT Tom n°21905862
*/
prompt "Suppression des relations"

BEGIN
EXECUTE IMMEDIATE 'DROP TABLE CARACTERISTIQUE';
EXCEPTION
 WHEN OTHERS THEN
	IF SQLCODE != -942 THEN
	RAISE;
	END IF;
END;
/

BEGIN
EXECUTE IMMEDIATE 'DROP TABLE OBTENU';
EXCEPTION
 WHEN OTHERS THEN
	IF SQLCODE != -942 THEN
	RAISE;
	END IF;
END;
/

BEGIN
EXECUTE IMMEDIATE 'DROP TABLE POSSEDE';
EXCEPTION
 WHEN OTHERS THEN
	IF SQLCODE != -942 THEN
	RAISE;
	END IF;
END;
/

BEGIN
EXECUTE IMMEDIATE 'DROP TABLE POUVOIR';
EXCEPTION
 WHEN OTHERS THEN
	IF SQLCODE != -942 THEN
	RAISE;
	END IF;
END;
/

BEGIN
EXECUTE IMMEDIATE 'DROP TABLE UTILISE';
EXCEPTION
 WHEN OTHERS THEN
	IF SQLCODE != -942 THEN
	RAISE;
	END IF;
END;
/

BEGIN
EXECUTE IMMEDIATE 'DROP TABLE EQUIPEMENT';
EXCEPTION
 WHEN OTHERS THEN
	IF SQLCODE != -942 THEN
	RAISE;
	END IF;
END;
/

BEGIN
EXECUTE IMMEDIATE 'DROP TABLE APPARTIENT';
EXCEPTION
 WHEN OTHERS THEN
	IF SQLCODE != -942 THEN
	RAISE;
	END IF;
END;
/

BEGIN
EXECUTE IMMEDIATE 'DROP TABLE GROUPE';
EXCEPTION
 WHEN OTHERS THEN
	IF SQLCODE != -942 THEN
	RAISE;
	END IF;
END;
/

BEGIN
EXECUTE IMMEDIATE 'DROP TABLE PENSE_DE';
EXCEPTION
 WHEN OTHERS THEN
	IF SQLCODE != -942 THEN
	RAISE;
	END IF;
END;
/

BEGIN
EXECUTE IMMEDIATE 'DROP TABLE IDENTITE';
EXCEPTION
 WHEN OTHERS THEN
	IF SQLCODE != -942 THEN
	RAISE;
	END IF;
END;
/

BEGIN
EXECUTE IMMEDIATE 'DROP TABLE PERSONNAGE';
EXCEPTION
 WHEN OTHERS THEN
	IF SQLCODE != -942 THEN
	RAISE;
	END IF;
END;
/




prompt "Création des relations"

CREATE TABLE PERSONNAGE (
	SUPER_NOM VARCHAR(15) CONSTRAINT PESUPER_NOM NOT NULL,
	RACE VARCHAR(15) CONSTRAINT PERACE NOT NULL,
	ORIGINE_PERSO VARCHAR(30),
	BUT VARCHAR(100),
	MORT DATE DEFAULT NULL,
	CONSTRAINT PK_PER PRIMARY KEY(SUPER_NOM)
);



CREATE TABLE IDENTITE (
	NOM VARCHAR(15) CONSTRAINT IDNOM NOT NULL,
	PRENOM VARCHAR(15) CONSTRAINT IDPRENOM NOT NULL,
	DATE_REVELATION DATE,
	GENRE VARCHAR(5) CHECK (GENRE IN ('HOMME','FEMME','AUTRE')),
	METIER VARCHAR(30),
	NOM_SUPER VARCHAR(15) CONSTRAINT IDNOM_SUPER NOT NULL,
	CONSTRAINT PK_ID PRIMARY KEY(NOM,PRENOM),
	CONSTRAINT FK_ID FOREIGN KEY(NOM_SUPER) REFERENCES PERSONNAGE(SUPER_NOM)
);

/*relation entre les différent personnage*/
CREATE TABLE PENSE_DE (
	PERSONNE1 VARCHAR(15) CONSTRAINT PEPERSONNAGE1 NOT NULL,
	PERSONNE2 VARCHAR(15) CONSTRAINT PEPERSONNAGE2 NOT NULL,
	RELATION VARCHAR(15) CHECK (RELATION IN ('AMI','ENNEMIE','AMOUR','FAMILLE')),
	DATE_DEBUT DATE CONSTRAINT PEDATE_DEBUT NOT NULL,
	DATE_FIN DATE,
	CONSTRAINT PK_PEN PRIMARY KEY(PERSONNE1,PERSONNE2),
	CONSTRAINT FK_PEN FOREIGN KEY(PERSONNE1) REFERENCES PERSONNAGE(SUPER_NOM),
	CONSTRAINT FK_PEN2 FOREIGN KEY(PERSONNE2) REFERENCES PERSONNAGE(SUPER_NOM)
);


CREATE TABLE GROUPE (
	NOM_GROUPE VARCHAR(30) CONSTRAINT GRNOM_GROUPE NOT NULL,
	INFLUENCE VARCHAR(50),
	CONSTRAINT PK_GR PRIMARY KEY(NOM_GROUPE)
);

/*table pour lier un personnage à un groupe*/
CREATE TABLE APPARTIENT (
	NOM_GR VARCHAR(30),
	SUPER_N VARCHAR(15),
	BOSS INT CHECK (BOSS=1 OR BOSS=0),
	CONSTRAINT PK_AP PRIMARY KEY(NOM_GR, SUPER_N),
	CONSTRAINT FK_AP FOREIGN KEY(NOM_GR) REFERENCES GROUPE(NOM_GROUPE),
	CONSTRAINT FK_AP2 FOREIGN KEY(SUPER_N) REFERENCES PERSONNAGE(SUPER_NOM)
);


CREATE TABLE EQUIPEMENT (
	ID_EQUIP INT NOT NULL,
	TYPE VARCHAR(15) CHECK (TYPE IN ('ARME','ARMURE','ARTEFACT','BOUCLIER','AUTRE')) NOT NULL,
	PROPRIETE VARCHAR(100),
	NOM VARCHAR(15),
	CONSTRAINT PK_EQUI PRIMARY KEY(ID_EQUIP)
);

/*table pour lier le personnage et son equipement*/ 
CREATE TABLE UTILISE (
	NOM_PERSO VARCHAR(15) CONSTRAINT UTNOM_PERSO NOT NULL,
	ID_EQUIPEMENT INT CONSTRAINT UTID_EQUIPEMENT NOT NULL,
	CONSTRAINT PK_UT PRIMARY KEY(NOM_PERSO,ID_EQUIPEMENT),
	CONSTRAINT FK_UT FOREIGN KEY(NOM_PERSO) REFERENCES PERSONNAGE(SUPER_NOM),
	CONSTRAINT FK_UT2 FOREIGN KEY(ID_EQUIPEMENT) REFERENCES EQUIPEMENT(ID_EQUIP)
);


CREATE TABLE POUVOIR (
	NOM_POUVOIR VARCHAR(15) CONSTRAINT PONOM_POUVOIR NOT NULL,
	DESCRIPTION VARCHAR(100),
	TYPE_POUVOIR VARCHAR(15) CONSTRAINT POTYPE_POUVOIR CHECK (TYPE_POUVOIR IN ('MAGIQUE','GENETIQUE')),
	CONSTRAINT PK_PO PRIMARY KEY(NOM_POUVOIR)
);

/*pouvoir pour un equipement*/
CREATE TABLE POSSEDE (
	NOM_POUV VARCHAR(15) CONSTRAINT POSSNOM_POUVOIR NOT NULL,
	ID_EQ INT CONSTRAINT POSSID_EQ NOT NULL,
	CONSTRAINT PK_POSS PRIMARY KEY(NOM_POUV,ID_EQ),
	CONSTRAINT FK_POSS FOREIGN KEY(NOM_POUV) REFERENCES POUVOIR(NOM_POUVOIR),
	CONSTRAINT FK_POSS2 FOREIGN KEY(ID_EQ) REFERENCES EQUIPEMENT(ID_EQUIP)
);


/*pouvoir pour un personnage*/
CREATE TABLE OBTENU (
	POUVOIR VARCHAR(15) NOT NULL,
	NOM_PERSO VARCHAR(15) NOT NULL,
	ORIGINE VARCHAR(100),
	CONSTRAINT PK_OB PRIMARY KEY(POUVOIR,NOM_PERSO),
	CONSTRAINT FK_OB FOREIGN KEY(POUVOIR) REFERENCES POUVOIR(NOM_POUVOIR),
	CONSTRAINT FK_OB2 FOREIGN KEY(NOM_PERSO) REFERENCES PERSONNAGE(SUPER_NOM)
);

/*capacité d'un personnage */
CREATE TABLE CARACTERISTIQUE (
	NOM_CARA VARCHAR(15) CHECK (NOM_CARA IN ('FORCE','DEXTERITE','INTELLIGENCE','RESISTANCE','CHARISME')) NOT NULL,
	PERSONNAGE VARCHAR(15) NOT NULL,
	VALEUR INT CHECK (VALEUR BETWEEN 0 AND 10),
	CONSTRAINT PK_CA PRIMARY KEY(NOM_CARA,PERSONNAGE),
	CONSTRAINT FK_CA FOREIGN KEY(PERSONNAGE) REFERENCES PERSONNAGE(SUPER_NOM)
);
	

prompt"remplissage"


/*
Pour mettre les dates au format date avec numero jj-mm-aaaa
*/

ALTER session SET NLS_DATE_FORMAT='DD-MM-YYYY' ; 

/* 
Paramètres d'affichage
*/


SET PAGESIZE 30
COLUMN COLUMN_NAME FORMAT A30
SET LINESIZE 300

/*
Effacer les anciennes valeurs des relations
*/
DELETE FROM PERSONNAGE;
DELETE FROM PENSE_DE;
DELETE FROM IDENTITE;
DELETE FROM GROUPE;
DELETE FROM APPARTIENT;
DELETE FROM EQUIPEMENT;
DELETE FROM UTILISE;
DELETE FROM POSSEDE;
DELETE FROM POUVOIR;
DELETE FROM OBTENU;
DELETE FROM CARACTERISTIQUE;

prompt -------------------------------------------;
prompt --- Insertion des nouveaux tuples ---------;
prompt -------------------------------------------;

prompt ------------------------------------------;
prompt -----     insertion personnage    ------------;
prompt ------------------------------------------;

INSERT INTO PERSONNAGE VALUES ('IRON-MAN','HUMAIN','ETAT-UNIS','faire des sous',NULL);
INSERT INTO PERSONNAGE VALUES ('CAPTAIN AMERICA','HUMAIN','ETAT-UNIS','proteger la nation et pecho maguy',NULL);
INSERT INTO PERSONNAGE VALUES ('THOR' , 'ASGARDIEN' , 'ASGARD' , 'Juste le boss en fait' , NULL);
INSERT INTO PERSONNAGE VALUES ('HULK' , 'HUMAIN' , 'ETATS UNIS' , 'ENVIE DE TOUT CASSER' , NULL);
INSERT INTO PERSONNAGE VALUES ('BLACK WIDOW','HUMAIN','RUSSE','on sait pas vraiment',NULL);
INSERT INTO PERSONNAGE VALUES ('SPIDER-MAN','HUMAIN', 'NEW YORK' , 'PROTEGER LE QUARTIER ',NULL);
INSERT INTO PERSONNAGE VALUES ('BLACK PANTER','HUMAIN','WAKANDA','protéger son pays',NULL);
INSERT INTO PERSONNAGE VALUES ('CAPTAIN MARVEL','HUMAIN','ETAT-UNIS','protège la galaxie',NULL);
INSERT INTO PERSONNAGE VALUES ('ANT-MAN','HUMAIN','ETAT-UNIS','jsp',NULL);
INSERT INTO PERSONNAGE VALUES ('LA GUEPE','HUMAIN','ETAT-UNIS','jsp',NULL);
INSERT INTO PERSONNAGE VALUES ('DOCTOR STRANGE', 'HUMAIN' , 'ETATS UNIS' , 'proteger du temps', NULL);
INSERT INTO PERSONNAGE VALUES ('STAR-LORD','HUMAIN','ETAT-UNIS','un peu comme captain marvel',NULL);
INSERT INTO PERSONNAGE VALUES ('LOKI' , 'ASGARDIEN' , 'ASGARD' , 'fait des bétise' , '30-05-2018');

INSERT INTO PERSONNAGE VALUES ('THANOS' , 'TITANIEN' , 'TITAN' , 'REDUIRE LES ETRE VIVANT DE MOITIE' , '17-10-2023' );
INSERT INTO PERSONNAGE VALUES ('ULTRON' , 'ROBOT' , 'CREER PAR L HOMME' , 'ERADIQUER LA POPULATION ' , '06-05-2015');

prompt ------------------------------------------;
prompt -----     insertion pense_de  ------------;
prompt ------------------------------------------;

INSERT INTO PENSE_DE VALUES ('IRON-MAN','CAPTAIN AMERICA','AMI','12-04-2010',NULL);
INSERT INTO PENSE_DE VALUES ('CAPTAIN AMERICA','IRON-MAN','AMI','12-04-2010',NULL);
INSERT INTO PENSE_DE VALUES ('ANT-MAN','LA GUEPE','AMOUR','23-08-2015',NULL);
INSERT INTO PENSE_DE VALUES ('LA GUEPE','ANT-MAN','AMOUR','23-08-2015',NULL);
INSERT INTO PENSE_DE VALUES ('HULK','BLACK WIDOW','AMOUR','25-04-2012','18-04-2016');
INSERT INTO PENSE_DE VALUES ('BLACK WIDOW','HULK','AMOUR','25-04-2012','18-04-2016');
INSERT INTO PENSE_DE VALUES ('THOR','LOKI','FAMILLE','05-08-1962',NULL);
INSERT INTO PENSE_DE VALUES ('LOKI','THOR','FAMILLE','05-08-1962',NULL);
INSERT INTO PENSE_DE VALUES ('ANT-MAN','CAPTAIN AMERICA','AMI','18-04-2016',NULL);
INSERT INTO PENSE_DE VALUES ('SPIDER-MAN','CAPTAIN AMERICA','AMI','18-04-2016',NULL);
INSERT INTO PENSE_DE VALUES ('IRON-MAN','HULK','AMI','12-04-2010',NULL);
INSERT INTO PENSE_DE VALUES ('HULK','IRON-MAN','AMI','12-04-2010',NULL);
INSERT INTO PERSONNAGE VALUES ('GOD' , 'HUMAIN' , 'FRANCE' , 'INCRUSTER DANS TOUS LES GROUPES' , '01-01-2000');

prompt ------------------------------------------;
prompt -----     insertion identite  ------------;
prompt ------------------------------------------;

INSERT INTO IDENTITE VALUES ('STARK','TONY',NULL,'HOMME','vendeur arme','IRON-MAN');
INSERT INTO IDENTITE VALUES ('ROGERS','STEVE',NULL,'HOMME','soldat','CAPTAIN AMERICA');
INSERT INTO IDENTITE VALUES ('BANNER','BRUCE',NULL,'HOMME','chercheur','HULK');
INSERT INTO IDENTITE VALUES ('ROMANOFF','NATASHA',NULL,'FEMME','agent secret','BLACK WIDOW');
INSERT INTO IDENTITE VALUES ('PARKER','PETER',NULL,'HOMME','etudiant','SPIDER-MAN');
INSERT INTO IDENTITE VALUES ('CHALLA','T',NULL,'HOMME','roi','BLACK PANTER');
INSERT INTO IDENTITE VALUES ('DENVERS','CAROLE',NULL,'FEMME','pilote avion','CAPTAIN MARVEL');
INSERT INTO IDENTITE VALUES ('LANG','SCOTT',NULL,'HOMME','voleur','ANT-MAN');
INSERT INTO IDENTITE VALUES ('VAN DYNE','HOPE',NULL,'FEMME','business','LA GUEPE');
INSERT INTO IDENTITE VALUES ('STRANGE','STEPHEN',NULL,'HOMME','medecin','DOCTOR STRANGE');
INSERT INTO IDENTITE VALUES ('QUILL','PETER',NULL,'HOMME','chasseur de prime','STAR-LORD');


prompt ------------------------------------------;
prompt -----     insertion groupe    ------------;
prompt ------------------------------------------;

INSERT INTO GROUPE VALUES ('GARDIEN DE LA GALAXIE','connue dans la galaxie');
INSERT INTO GROUPE VALUES ('AVENGERS','tres influent dans la terre');
INSERT INTO GROUPE VALUES ('S.H.I.E.L.D','tres influent dans la terre');
INSERT INTO GROUPE VALUES ('CIVILWAR GROUPE 1','pas full influence en vrai');
INSERT INTO GROUPE VALUES ('CIVILWAR GROUPE 2','pas full influence en vrai');
INSERT INTO GROUPE VALUES ('STARK INDUSTRIES','comme les GAFAM un peu');
INSERT INTO GROUPE VALUES ('ASGARDIENS','c est des dieux un peu');
INSERT INTO GROUPE VALUES ('WAKANDAIS','pas trop connu dans le monde');
INSERT INTO GROUPE VALUES ('ORDRE NOIR','tire les ficelles dans la glaxie');

prompt ------------------------------------------;
prompt -----    insertion appartient ------------;
prompt ------------------------------------------;


INSERT INTO APPARTIENT VALUES ('AVENGERS','IRON-MAN',0);
INSERT INTO APPARTIENT VALUES ('AVENGERS','CAPTAIN AMERICA',0);
INSERT INTO APPARTIENT VALUES ('AVENGERS','THOR',0);
INSERT INTO APPARTIENT VALUES ('AVENGERS','HULK',1);
INSERT INTO APPARTIENT VALUES ('AVENGERS','BLACK WIDOW',0);
INSERT INTO APPARTIENT VALUES ('AVENGERS','SPIDER-MAN',0);
INSERT INTO APPARTIENT VALUES ('GARDIEN DE LA GALAXIE','STAR-LORD',1);
INSERT INTO APPARTIENT VALUES ('S.H.I.E.L.D','IRON-MAN',0);
INSERT INTO APPARTIENT VALUES ('S.H.I.E.L.D','CAPTAIN AMERICA',0);
INSERT INTO APPARTIENT VALUES ('S.H.I.E.L.D','THOR',0);
INSERT INTO APPARTIENT VALUES ('S.H.I.E.L.D','HULK',0);
INSERT INTO APPARTIENT VALUES ('S.H.I.E.L.D','BLACK WIDOW',0);
INSERT INTO APPARTIENT VALUES ('S.H.I.E.L.D','CAPTAIN MARVEL',0);
INSERT INTO APPARTIENT VALUES ('CIVILWAR GROUPE 1','CAPTAIN AMERICA',1);
INSERT INTO APPARTIENT VALUES ('CIVILWAR GROUPE 1','ANT-MAN',0);
INSERT INTO APPARTIENT VALUES ('CIVILWAR GROUPE 2','IRON-MAN',1);
INSERT INTO APPARTIENT VALUES ('CIVILWAR GROUPE 2','BLACK WIDOW',0);
INSERT INTO APPARTIENT VALUES ('CIVILWAR GROUPE 2','SPIDER-MAN',0);
INSERT INTO APPARTIENT VALUES ('CIVILWAR GROUPE 2','BLACK PANTER',0);
INSERT INTO APPARTIENT VALUES ('STARK INDUSTRIES','IRON-MAN',1);
INSERT INTO APPARTIENT VALUES ('STARK INDUSTRIES','SPIDER-MAN',0);
INSERT INTO APPARTIENT VALUES ('STARK INDUSTRIES','BLACK WIDOW',0);
INSERT INTO APPARTIENT VALUES ('WAKANDAIS','BLACK PANTER',1);
INSERT INTO APPARTIENT VALUES ('ASGARDIENS','THOR',1);
INSERT INTO APPARTIENT VALUES ('ASGARDIENS','LOKI',0);
INSERT INTO APPARTIENT VALUES ('ORDRE NOIR','THANOS',1);

INSERT INTO APPARTIENT VALUES ('ASGARDIENS','GOD',0);
INSERT INTO APPARTIENT VALUES ('ORDRE NOIR','GOD',0);
INSERT INTO APPARTIENT VALUES ('WAKANDAIS','GOD',0);
INSERT INTO APPARTIENT VALUES ('STARK INDUSTRIES','GOD',0);
INSERT INTO APPARTIENT VALUES ('CIVILWAR GROUPE 2','GOD',0);
INSERT INTO APPARTIENT VALUES ('CIVILWAR GROUPE 1','GOD',0);
INSERT INTO APPARTIENT VALUES ('S.H.I.E.L.D','GOD',0);
INSERT INTO APPARTIENT VALUES ('AVENGERS','GOD',0);
INSERT INTO APPARTIENT VALUES ('GARDIEN DE LA GALAXIE','GOD',0);

prompt ------------------------------------------;
prompt -----   	insertion equipement ------------;
prompt ------------------------------------------;

INSERT INTO EQUIPEMENT VALUES (1,'ARMURE','vole tire etc','JARVIS');
INSERT INTO EQUIPEMENT VALUES (2,'ARME','marteau','MJOLLNIR');
INSERT INTO EQUIPEMENT VALUES (3,'ARME','bouclier',NULL);
INSERT INTO EQUIPEMENT VALUES (4,'ARMURE','tenue qui lance des toils etc',NULL);
INSERT INTO EQUIPEMENT VALUES (5,'ARMURE','tenue en vibranium avec des griffes',NULL);
INSERT INTO EQUIPEMENT VALUES (6,'ARMURE','tenue faisant varier la taille',NULL);
INSERT INTO EQUIPEMENT VALUES (7,'ARMURE','tenue faisant varier la taille et permettant de voler',NULL);
INSERT INTO EQUIPEMENT VALUES (8,'ARTEFACT','pierre d infinité du temps','Agamotto');
INSERT INTO EQUIPEMENT VALUES (9,'ARMURE','Masque de respiration spatiale et fusees propolsantes' , NULL);
INSERT INTO EQUIPEMENT VALUES (10,'ARME','Spectre de Loki' , NULL);
INSERT INTO EQUIPEMENT VALUES (11,'ARME','hache','STORMBREAKER');

prompt ------------------------------------------;
prompt -----   	insertion utilise    ------------;
prompt ------------------------------------------;


INSERT INTO UTILISE VALUES ('IRON-MAN',1);
INSERT INTO UTILISE VALUES ('THOR',2);
INSERT INTO UTILISE VALUES ('THOR',11);
INSERT INTO UTILISE VALUES ('CAPTAIN AMERICA',3);
INSERT INTO UTILISE VALUES ('CAPTAIN AMERICA',2);
INSERT INTO UTILISE VALUES ('SPIDER-MAN',4);
INSERT INTO UTILISE VALUES ('BLACK PANTER',5);
INSERT INTO UTILISE VALUES ('ANT-MAN',6);
INSERT INTO UTILISE VALUES ('LA GUEPE',7);
INSERT INTO UTILISE VALUES ('DOCTOR STRANGE',8);
INSERT INTO UTILISE VALUES ('STAR-LORD',9);
INSERT INTO UTILISE VALUES ('LOKI',10);

prompt ------------------------------------------;
prompt -----   	insertion pouvoir    ------------;
prompt ------------------------------------------;

INSERT INTO POUVOIR VALUES ('ARAIGNEE','a les capacité araignee','GENETIQUE');
INSERT INTO POUVOIR VALUES ('MONSTRE','se transforme en géant vert avec une force sur humaine','GENETIQUE');
INSERT INTO POUVOIR VALUES ('SURHOMME','Force et resistance extraordinaires','GENETIQUE');
INSERT INTO POUVOIR VALUES ('ARTS MYSTIQUES','Peut ouvrir des portails et créer des armes','MAGIQUE');
INSERT INTO POUVOIR VALUES ('ILLUSION','Peut changer d apparence et maitrise la magie','MAGIQUE');
INSERT INTO POUVOIR VALUES ('TESERACT','Force hors du commun et peut voler','GENETIQUE');
INSERT INTO POUVOIR VALUES ('ECLAIR','Revient toujours à son proprietaire et balance des eclairs','MAGIQUE');
INSERT INTO POUVOIR VALUES ('TEMPS','Peut remonter et explorer le temps','MAGIQUE');
INSERT INTO POUVOIR VALUES ('CONTROLE','Permet de controler une personne en la touchant','MAGIQUE');
INSERT INTO POUVOIR VALUES ('DIEU','Resistance incroyable','MAGIQUE');

prompt ------------------------------------------;
prompt -----   	insertion possede    ------------;
prompt ------------------------------------------;

INSERT INTO POSSEDE VALUES ('ECLAIR', 2);
INSERT INTO POSSEDE VALUES ('ECLAIR', 11);
INSERT INTO POSSEDE VALUES ('TEMPS', 8);
INSERT INTO POSSEDE VALUES ('CONTROLE', 10);

prompt ------------------------------------------;
prompt -----   	insertion obtenu     ------------;
prompt ------------------------------------------;

INSERT INTO OBTENU VALUES ('ARAIGNEE','SPIDER-MAN','c est fait mordre par une araignee');
INSERT INTO OBTENU VALUES ('MONSTRE','HULK','éxposé a des radiation');
INSERT INTO OBTENU VALUES ('SURHOMME','CAPTAIN AMERICA','experience scientifique');
INSERT INTO OBTENU VALUES ('ARTS MYSTIQUES','DOCTOR STRANGE','formé par l ancien');
INSERT INTO OBTENU VALUES ('ILLUSION','LOKI','Dieu de la malice, connaissance en magie');
INSERT INTO OBTENU VALUES ('TESERACT','CAPTAIN MARVEL', 'absorbtion du teseract');
INSERT INTO OBTENU VALUES ('DIEU','THOR','Fils de Odin, Dieu du Tonneur');
INSERT INTO OBTENU VALUES ('DIEU','LOKI','Fils adoptif de Odin, Dieu de la malice');


prompt ------------------------------------------;
prompt --   insertion caracteristique   ---------;
prompt ------------------------------------------;

INSERT INTO CARACTERISTIQUE VALUES ('FORCE','HULK',10);
INSERT INTO CARACTERISTIQUE VALUES ('DEXTERITE','HULK',3);
INSERT INTO CARACTERISTIQUE VALUES ('CHARISME','HULK',5);
INSERT INTO CARACTERISTIQUE VALUES ('INTELLIGENCE','HULK',8);

INSERT INTO CARACTERISTIQUE VALUES ('INTELLIGENCE','IRON-MAN',10);
INSERT INTO CARACTERISTIQUE VALUES ('CHARISME','IRON-MAN',8);
INSERT INTO CARACTERISTIQUE VALUES ('DEXTERITE','IRON-MAN',2);
INSERT INTO CARACTERISTIQUE VALUES ('FORCE','IRON-MAN',7);

INSERT INTO CARACTERISTIQUE VALUES ('FORCE','CAPTAIN AMERICA',7);
INSERT INTO CARACTERISTIQUE VALUES ('DEXTERITE','CAPTAIN AMERICA',6);
INSERT INTO CARACTERISTIQUE VALUES ('CHARISME','CAPTAIN AMERICA',7);
INSERT INTO CARACTERISTIQUE VALUES ('INTELLIGENCE','CAPTAIN AMERICA',5);

INSERT INTO CARACTERISTIQUE VALUES ('DEXTERITE','BLACK WIDOW',7);
INSERT INTO CARACTERISTIQUE VALUES ('FORCE','BLACK WIDOW',5);
INSERT INTO CARACTERISTIQUE VALUES ('CHARISME','BLACK WIDOW',7);
INSERT INTO CARACTERISTIQUE VALUES ('INTELLIGENCE','BLACK WIDOW',6);

INSERT INTO CARACTERISTIQUE VALUES ('DEXTERITE','THOR',4);
INSERT INTO CARACTERISTIQUE VALUES ('FORCE','THOR',9);
INSERT INTO CARACTERISTIQUE VALUES ('CHARISME','THOR',6);
INSERT INTO CARACTERISTIQUE VALUES ('INTELLIGENCE','THOR',4);

INSERT INTO CARACTERISTIQUE VALUES ('DEXTERITE','SPIDER-MAN',8);
INSERT INTO CARACTERISTIQUE VALUES ('FORCE','SPIDER-MAN',7);
INSERT INTO CARACTERISTIQUE VALUES ('CHARISME','SPIDER-MAN',4);
INSERT INTO CARACTERISTIQUE VALUES ('INTELLIGENCE','SPIDER-MAN',7);

INSERT INTO CARACTERISTIQUE VALUES ('DEXTERITE','BLACK PANTER',7);
INSERT INTO CARACTERISTIQUE VALUES ('FORCE','BLACK PANTER',7);
INSERT INTO CARACTERISTIQUE VALUES ('CHARISME','BLACK PANTER',6);
INSERT INTO CARACTERISTIQUE VALUES ('INTELLIGENCE','BLACK PANTER',6);

INSERT INTO CARACTERISTIQUE VALUES ('DEXTERITE','CAPTAIN MARVEL',5);
INSERT INTO CARACTERISTIQUE VALUES ('FORCE','CAPTAIN MARVEL',10);
INSERT INTO CARACTERISTIQUE VALUES ('CHARISME','CAPTAIN MARVEL',6);
INSERT INTO CARACTERISTIQUE VALUES ('INTELLIGENCE','CAPTAIN MARVEL',6);

INSERT INTO CARACTERISTIQUE VALUES ('DEXTERITE','ANT-MAN',8);
INSERT INTO CARACTERISTIQUE VALUES ('FORCE','ANT-MAN',6);
INSERT INTO CARACTERISTIQUE VALUES ('CHARISME','ANT-MAN',6);
INSERT INTO CARACTERISTIQUE VALUES ('INTELLIGENCE','ANT-MAN',4);

INSERT INTO CARACTERISTIQUE VALUES ('DEXTERITE','LA GUEPE',8);
INSERT INTO CARACTERISTIQUE VALUES ('FORCE','LA GUEPE',6);
INSERT INTO CARACTERISTIQUE VALUES ('CHARISME','LA GUEPE',7);
INSERT INTO CARACTERISTIQUE VALUES ('INTELLIGENCE','LA GUEPE',5);

INSERT INTO CARACTERISTIQUE VALUES ('DEXTERITE','DOCTOR STRANGE',3);
INSERT INTO CARACTERISTIQUE VALUES ('FORCE','DOCTOR STRANGE',2);
INSERT INTO CARACTERISTIQUE VALUES ('CHARISME','DOCTOR STRANGE',7);
INSERT INTO CARACTERISTIQUE VALUES ('INTELLIGENCE','DOCTOR STRANGE',9);

INSERT INTO CARACTERISTIQUE VALUES ('DEXTERITE','STAR-LORD',6);
INSERT INTO CARACTERISTIQUE VALUES ('FORCE','STAR-LORD',6);
INSERT INTO CARACTERISTIQUE VALUES ('CHARISME','STAR-LORD',5);
INSERT INTO CARACTERISTIQUE VALUES ('INTELLIGENCE','STAR-LORD',5);

INSERT INTO CARACTERISTIQUE VALUES ('DEXTERITE','THANOS',5);
INSERT INTO CARACTERISTIQUE VALUES ('FORCE','THANOS',10);
INSERT INTO CARACTERISTIQUE VALUES ('CHARISME','THANOS',8);
INSERT INTO CARACTERISTIQUE VALUES ('INTELLIGENCE','THANOS',9);

INSERT INTO CARACTERISTIQUE VALUES ('DEXTERITE','ULTRON',6);
INSERT INTO CARACTERISTIQUE VALUES ('FORCE','ULTRON',8);
INSERT INTO CARACTERISTIQUE VALUES ('CHARISME','ULTRON',7);
INSERT INTO CARACTERISTIQUE VALUES ('INTELLIGENCE','ULTRON',8);

prompt"procedure/fonction/trigger"

/*donne l'identité d'un héros */
CREATE OR REPLACE PROCEDURE ID (
	NAME IN PERSONNAGE.SUPER_NOM%TYPE,
	N OUT IDENTITE.NOM%TYPE,
	P OUT IDENTITE.PRENOM%TYPE) IS 
BEGIN
	SELECT NOM, PRENOM INTO N, P FROM IDENTITE WHERE NOM_SUPER=NAME;
END;
/


CREATE OR REPLACE PROCEDURE metier (
	name IN PERSONNAGE.SUPER_NOM%TYPE,
	met OUT IDENTITE.METIER%TYPE) IS
BEGIN 
	SELECT METIER INTO met FROM IDENTITE WHERE NOM_SUPER=name;
END;
/

/*designe le nouveau boss avec en entrée le nom de la personne et le groupe*/
CREATE OR REPLACE PROCEDURE NEW_BOSS (
	NAME IN PERSONNAGE.SUPER_NOM%TYPE,
	GROUPE IN GROUPE.NOM_GROUPE%TYPE) IS 
BEGIN 
	UPDATE APPARTIENT SET BOSS=1 WHERE SUPER_N=NAME AND NOM_GR=GROUPE;
END;
/

/*enleve la fonction boss a quelqu'un*/
	CREATE OR REPLACE PROCEDURE ENLEVER_BOSS (
	NAME IN PERSONNAGE.SUPER_NOM%TYPE,
	GROUPE IN GROUPE.NOM_GROUPE%TYPE) IS 
BEGIN 
	UPDATE APPARTIENT SET BOSS=0 WHERE SUPER_N=NAME AND NOM_GR=GROUPE;
END;
/


/*pour faire la moyenne des caracteristique*/
CREATE OR REPLACE function MOY_CAP (NAME IN PERSONNAGE.SUPER_NOM%TYPE) 
	RETURN real IS
MOYENNE real; 
BEGIN 
	SELECT AVG(VALEUR) INTO MOYENNE FROM CARACTERISTIQUE WHERE PERSONNAGE=NAME;
	RETURN(MOYENNE);
END;
/

/*dit si il est boss ou pas dans un groupe donné utilisation pour le trigger*/
CREATE OR REPLACE function KING (NAME IN PERSONNAGE.SUPER_NOM%TYPE,GR IN GROUPE.NOM_GROUPE%TYPE)
	RETURN int IS 
RES int;
BEGIN 
	SELECT BOSS INTO RES FROM APPARTIENT WHERE SUPER_N=NAME AND NOM_GR=GR;
	RETURN(RES);
END;
/

/*designe un nouveau boss random utilisation pour le trigger*/
CREATE OR REPLACE PROCEDURE NEW_BOSS_RANDOM (
	GROUPE IN GROUPE.NOM_GROUPE%TYPE) IS 
BEGIN 
	UPDATE APPARTIENT SET BOSS=1 WHERE NOM_GR=GROUPE AND BOSS=0 AND ROWNUM=1;
END;
/

/*affiche tous les membres d'un groupe*/
CREATE OR REPLACE PROCEDURE AFFICHAGE_GROUPE (
	GR IN GROUPE.NOM_GROUPE%TYPE) IS 
BEGIN
	FOR CPT IN (SELECT * FROM APPARTIENT WHERE NOM_GR=GR) LOOP
		dbms_output.Put_line(CPT.SUPER_N);
	END LOOP;
END;
/


CREATE OR REPLACE TRIGGER mort 
	AFTER UPDATE OF MORT ON PERSONNAGE for each row 
DECLARE	
	MESSAGE EXCEPTION;
	name varchar(15):= :old.SUPER_NOM;
	big int;
	CURSOR groupe IS SELECT NOM_GR FROM APPARTIENT WHERE SUPER_N=name;
	stock varchar(30);
BEGIN 
	OPEN groupe;
	LOOP 
		FETCH groupe INTO stock;
		EXIT WHEN groupe%NOTFOUND;
		big:=KING(name,stock);
		IF big=1 THEN
			NEW_BOSS_RANDOM(stock);
			dbms_output.Put_line('un nouveau boss a ete declarer pour le groupe '|| stock);
		END IF;		
	END LOOP;
	CLOSE groupe;	
END;
/


CREATE OR REPLACE TRIGGER UPGRADE_POUVOIR 
	BEFORE UPDATE ON POUVOIR for each row
DECLARE
	MESSAGE EXCEPTION;
	MSG varchar(30):='impossible veuiller utiliser les procédures pour en créer un nouveau et le lier aux héros ';	
BEGIN
	RAISE MESSAGE;
	EXCEPTION
	WHEN MESSAGE THEN
	RAISE_APPLICATION_ERROR(-20324,MSG);	
END;
/


CREATE OR REPLACE PROCEDURE NEW_POUVOIR (
	NAME IN POUVOIR.NOM_POUVOIR%TYPE,
	DESCRIPTION IN POUVOIR.DESCRIPTION%TYPE,
	TYPE IN POUVOIR.TYPE_POUVOIR%TYPE) IS 
BEGIN 
	INSERT INTO POUVOIR VALUES (NAME,DESCRIPTION,TYPE);
END;
/

CREATE OR REPLACE PROCEDURE LIAISON_POUVOIR (
	NAME IN PERSONNAGE.SUPER_NOM%TYPE,
	POUVOIR IN POUVOIR.NOM_POUVOIR%TYPE,
	ORIGINE IN OBTENU.ORIGINE%TYPE) IS 
BEGIN
	INSERT INTO OBTENU VALUES (POUVOIR,NAME,ORIGINE);
END;
/
